,average_training_loss,average_validation_loss,validation_correct_count,validation_accuracy,positive_correct_count,positive_accuracy,negative_correct_count,negative_accuracy
0,0.7132929563522339,0.7255539894104004,5010.0,0.5009999871253967,0.0,,0.0,0.0
1,0.7254085540771484,0.7978290915489197,4962.0,0.49619999527931213,0.0,,0.0,0.0
2,0.7206255594889323,0.6854950189590454,5542.0,0.5541999936103821,0.0,,0.0,0.0
3,0.6966770188561802,0.6692882776260376,6256.0,0.6255999803543091,0.0,,1.0,1.0
