,average_training_loss,average_validation_loss,validation_correct_count,validation_accuracy,positive_correct_count,positive_accuracy,negative_correct_count,negative_accuracy
0,0.7088969945907593,0.8183965086936951,5014.0,0.5013999938964844,0.0,,5014.0,0.5013999938964844
1,0.6826597452163696,0.741205096244812,5005.0,0.5005000233650208,5005.0,0.5005000233650208,0.0,
2,0.6976963678995768,0.6919551491737366,5226.0,0.522599995136261,4061.0,0.5110747814178467,1165.0,0.5671859979629517
3,0.6909235715866089,0.7707945108413696,4941.0,0.49410000443458557,0.0,,4941.0,0.49410000443458557
