,average_training_loss,average_validation_loss
0,1.9426659714607966,tensor(0.)
1,1.817051885879203,tensor(0.)
2,2.0233517854641647,tensor(0.)
