,average_training_loss,average_validation_loss
0,1.9456247091293335,2.0920393466949463
