,average_training_loss,average_validation_loss
0,2.110641121864319,2.147171974182129
1,1.6937127044796945,1.6421465873718262
2,1.9124529248476028,1.9243053197860718
