,model,f1_score,total_accuracy,weighted_f1_score,weighted_basic_score,true_positive_accuracy,true_negative_accuracy,guessing_positive_accuracy,guessing_negative_accuracy,number_of_positive_guesses,number_of_negative_guesses,number_of_true_positives,number_of_true_negatives,number_of_false_positives_per_false_negative,number_of_false_negatives_per_false_positive
0,random_forest_basic,0.6018877104213292,0.7115848242608805,0.4854753836644753,0.26731712960202575,0.5072026449056702,0.8656732657108521,0.7400388587398666,0.6997009961465279,104481,250164,152444,202201,0.36154890580906235,2.7658775450093884
1,random_forest_basic,0.6013655012417186,0.7112323591196831,0.4848897280235477,0.2667367095322822,0.5067172207499148,0.8654210414389641,0.7394933849011086,0.6994328242474629,104458,250187,152444,202201,0.3618713263650629,2.7634132000587974
2,random_forest_basic,0.5997995077407955,0.7106994318261924,0.48267035225433785,0.2649833034155955,0.5043491380441343,0.8662716801598409,0.7398123646860717,0.6986319400127633,103925,250720,152444,202201,0.35786603846001136,2.7943417159763313
3,random_forest_basic,0.6028209337243948,0.7120895543430754,0.48663439152153776,0.2683612300660728,0.508291569363176,0.8657375581723137,0.7405432268669839,0.7001811920275508,104634,250011,152444,202201,0.3621761519784413,2.7610873729188152
4,random_forest_basic,0.6026749059268973,0.712092374064205,0.4863798887893411,0.2681944482214738,0.5079766996405237,0.8659798912962844,0.74077121019352,0.7001055544004989,104537,250108,152444,202201,0.361291096712263,2.7678512122218533
5,random_forest_basic,0.5991898093944644,0.7104090005498456,0.48188129794143636,0.26430600983795116,0.5035750833092808,0.8663458637692197,0.7396234777246802,0.698321327630126,103792,250853,152444,202201,0.3571098220066863,2.800259019426457
6,random_forest_basic,0.6027252651719494,0.7113648860127734,0.48711510668989183,0.2682835080887666,0.5093673742489045,0.8636554715357491,0.7379845845332117,0.7001355111335626,105219,249426,152444,202201,0.36859908548814074,2.71297471798034
