,model,f1_score,total_accuracy,weighted_f1_score,weighted_basic_score,true_positive_accuracy,true_negative_accuracy,guessing_positive_accuracy,guessing_negative_accuracy,number_of_positive_guesses,number_of_negative_guesses,number_of_true_positives,number_of_true_negatives,number_of_false_positives_per_false_negative,number_of_false_negatives_per_false_positive
0,dumb_motif_guesser,0.2706964520367937,0.5574750830564784,0.12253167377399027,0.051200068701109144,0.16425249169435216,0.9506976744186046,0.7691350342252644,0.53217287807781,1607,13443,7525,7525,0.05899189060263953,16.951482479784367
1,random_forest_basic,0.6996766370250607,0.7037873754152824,0.6341673216774062,0.4067563138124329,0.6900996677740864,0.7174750830564784,0.7095231589014893,0.6983572629672746,7319,7731,7525,7525,0.9116638078902229,1.09689557855127
2,neural_net,0.651014981516311,0.6424584717607973,0.5867408972054808,0.3463268084886321,0.6669767441860465,0.6179401993355482,0.635799341271852,0.6498043599776412,7894,7156,7525,7525,1.1472466081404629,0.8716521739130435
3,dumb_motif_guesser,0.2712568306010929,0.5569435215946844,0.12314602646329377,0.05114654853524893,0.1649169435215947,0.9489700996677741,0.7636923076923077,0.5319180633147114,1625,13425,7525,7525,0.061107574793125397,16.364583333333332
4,random_forest_basic,0.6981857422270182,0.7026578073089701,0.6321737601224295,0.40437480086057265,0.6878405315614617,0.7174750830564784,0.7088468912626678,0.6968249870934434,7302,7748,7525,7525,0.9050659855257557,1.1048918156161807
5,neural_net,0.6385794784431923,0.6334883720930232,0.5703392495432288,0.32821518894197815,0.6475747508305648,0.6194019933554817,0.629830683727543,0.6373581293586763,7737,7313,7525,7525,1.0799396681749622,0.9259776536312849
6,dumb_motif_guesser,0.2643816177273223,0.5522259136212625,0.11876012965330474,0.04778782912578532,0.16093023255813954,0.9435215946843853,0.7402200488997555,0.5292977486208439,1636,13414,7525,7525,0.06731073804244536,14.856470588235295
7,random_forest_basic,0.6900584795321637,0.6936212624584718,0.6235737307036211,0.39333528353602953,0.6821262458471761,0.7051162790697675,0.698177366702938,0.6892699402442193,7352,7698,7525,7525,0.927675585284281,1.0779630464173051
8,neural_net,0.627006234248574,0.626312292358804,0.5545717765286005,0.3115908993032363,0.628172757475083,0.6244518272425249,0.6258440354825897,0.6267840469521142,7553,7497,7525,7525,1.0100071479628305,0.9900920028308563
