sample_size,feature_set,model,fold_number,accuracy,positive_accuracy,negative_accuracy,gene_accuracy
93299,huffman_negative,neural,1,0.6602641056422569,0.6890614990390775,0.6270764119601329,0.4954460875526393
93299,huffman_negative,random_forest,1,0.697821985937232,0.7699391415759129,0.6147102251753415,0.4977475271765743
93299,huffman_negative,average_ensemble,1,0.3715914937403533,0.694026265214606,0.0,0.4956419547546763
93299,huffman_negative,nn_0_fallback,1,0.6869319156233922,0.7865951313260731,0.5720745662606128,0.47497796493977085
93299,huffman_negative,nn_1_fallback,1,0.674969987995198,0.5850416399743754,0.778608342561831,0.5980805014200372
