,average_training_loss,average_validation_loss,validation_correct_count,validation_accuracy,positive_correct_count,positive_accuracy,negative_correct_count,negative_accuracy
0,0.6684343087987784,0.6498610377311707,6252.0,0.6251999735832214,3242.0,0.6163498163223267,3010.0,0.6350210905075073
1,0.6576942627362639,0.658065915107727,6184.0,0.618399977684021,3338.0,0.6102376580238342,2846.0,0.62825608253479
2,0.6573764533108362,0.6488709449768066,6307.0,0.6306999921798706,3452.0,0.6247963905334473,2855.0,0.6379888653755188
3,0.6747845872759395,0.6516788601875305,6279.0,0.6279000043869019,3435.0,0.6072123050689697,2844.0,0.6548468470573425
